"Part";"Value";"Device";"Package";"Description";"BUILT_BY";"CENTROID_NOT_SPECIFIED";"COLOUR";"COPYRIGHT";"DATASHEET";"DESCRIPTION";"DEVICE_CLASS_L1";"DEVICE_CLASS_L2";"DEVICE_CLASS_L3";"DIGI-KEY_PART_NUMBER";"DIGI-KEY_PURCHASE_URL";"FORWARD_CURRENT";"FORWARD_VOLTAGE";"HEIGHT";"LEAD_FREE";"LED_ORIENTATION";"LUMINOUS_INTENSITY";"MANUFACTURER_NAME";"MANUFACTURER_PART_NUMBER";"MAX_JUNCTION_TEMP";"MF";"MFG_PACKAGE_IDENT";"MFG_PACKAGE_IDENT_DATE";"MFG_PACKAGE_IDENT_REV";"MOUSER_PART_NUMBER";"MOUSER_PRICE-STOCK";"MP";"MPN";"OC_FARNELL";"OC_NEWARK";"PACKAGE";"POPULARITY";"POWER_DISSIPATION";"PREFIX";"REVERSE_VOLTAGE";"ROHS";"SPICEPREFIX";"TEMPERATURE_RANGE_HIGH";"TEMPERATURE_RANGE_LOW";"TP_SIGNAL_NAME";"VENDOR";"VERIFICATION_VERSION";"VIEWING_ANGLE";"WAVELENGTH";
"C1";"0.1uF";"C-EUC0402K";"C0402K";"CAPACITOR, European symbol";"";"";"";"";"";"";"";"";"";"";"";"";"";"";"";"";"";"";"";"";"";"";"";"";"";"";"";"";"";"";"";"15";"";"";"";"";"C";"";"";"";"";"";"";"";
"C2";"0.1uF";"C-EUC0402K";"C0402K";"CAPACITOR, European symbol";"";"";"";"";"";"";"";"";"";"";"";"";"";"";"";"";"";"";"";"";"";"";"";"";"";"";"";"";"";"";"";"15";"";"";"";"";"C";"";"";"";"";"";"";"";
"C3";"4.7uF";"C-EUC0402K";"C0402K";"CAPACITOR, European symbol";"";"";"";"";"";"";"";"";"";"";"";"";"";"";"";"";"";"";"";"";"";"";"";"";"";"";"";"";"";"";"";"15";"";"";"";"";"C";"";"";"";"";"";"";"";
"C4";"0.1uF";"C-EUC0402K";"C0402K";"CAPACITOR, European symbol";"";"";"";"";"";"";"";"";"";"";"";"";"";"";"";"";"";"";"";"";"";"";"";"";"";"";"";"";"";"";"";"15";"";"";"";"";"C";"";"";"";"";"";"";"";
"C5";"22uF";"C-EUC0402K";"C0402K";"CAPACITOR, European symbol";"";"";"";"";"";"";"";"";"";"";"";"";"";"";"";"";"";"";"";"";"";"";"";"";"";"";"";"";"";"";"";"15";"";"";"";"";"C";"";"";"";"";"";"";"";
"C6";"4.7uF";"C-EUC0402K";"C0402K";"CAPACITOR, European symbol";"";"";"";"";"";"";"";"";"";"";"";"";"";"";"";"";"";"";"";"";"";"";"";"";"";"";"";"";"";"";"";"15";"";"";"";"";"C";"";"";"";"";"";"";"";
"C7";"0.1uF";"C-EUC0402K";"C0402K";"CAPACITOR, European symbol";"";"";"";"";"";"";"";"";"";"";"";"";"";"";"";"";"";"";"";"";"";"";"";"";"";"";"";"";"";"";"";"15";"";"";"";"";"C";"";"";"";"";"";"";"";
"C8";"0.1uF";"C-EUC0402K";"C0402K";"CAPACITOR, European symbol";"";"";"";"";"";"";"";"";"";"";"";"";"";"";"";"";"";"";"";"";"";"";"";"";"";"";"";"";"";"";"";"15";"";"";"";"";"C";"";"";"";"";"";"";"";
"C9";"0.1uF";"C-EUC0402K";"C0402K";"CAPACITOR, European symbol";"";"";"";"";"";"";"";"";"";"";"";"";"";"";"";"";"";"";"";"";"";"";"";"";"";"";"";"";"";"";"";"15";"";"";"";"";"C";"";"";"";"";"";"";"";
"C10";"0.1uF";"C-EUC0402K";"C0402K";"CAPACITOR, European symbol";"";"";"";"";"";"";"";"";"";"";"";"";"";"";"";"";"";"";"";"";"";"";"";"";"";"";"";"";"";"";"";"15";"";"";"";"";"C";"";"";"";"";"";"";"";
"C11";"0.1uF";"C-EUC0402K";"C0402K";"CAPACITOR, European symbol";"";"";"";"";"";"";"";"";"";"";"";"";"";"";"";"";"";"";"";"";"";"";"";"";"";"";"";"";"";"";"";"15";"";"";"";"";"C";"";"";"";"";"";"";"";
"C12";"0.1uF";"C-EUC0402K";"C0402K";"CAPACITOR, European symbol";"";"";"";"";"";"";"";"";"";"";"";"";"";"";"";"";"";"";"";"";"";"";"";"";"";"";"";"";"";"";"";"15";"";"";"";"";"C";"";"";"";"";"";"";"";
"C13";"0.1uF";"C-EUC0402K";"C0402K";"CAPACITOR, European symbol";"";"";"";"";"";"";"";"";"";"";"";"";"";"";"";"";"";"";"";"";"";"";"";"";"";"";"";"";"";"";"";"15";"";"";"";"";"C";"";"";"";"";"";"";"";
"C14";"0.22uF";"C-EUC0402K";"C0402K";"CAPACITOR, European symbol";"";"";"";"";"";"";"";"";"";"";"";"";"";"";"";"";"";"";"";"";"";"";"";"";"";"";"";"";"";"";"";"15";"";"";"";"";"C";"";"";"";"";"";"";"";
"C15";"1.0uF";"C-EUC0402K";"C0402K";"CAPACITOR, European symbol";"";"";"";"";"";"";"";"";"";"";"";"";"";"";"";"";"";"";"";"";"";"";"";"";"";"";"";"";"";"";"";"15";"";"";"";"";"C";"";"";"";"";"";"";"";
"C16";"4.7uF";"C-EUC0402K";"C0402K";"CAPACITOR, European symbol";"";"";"";"";"";"";"";"";"";"";"";"";"";"";"";"";"";"";"";"";"";"";"";"";"";"";"";"";"";"";"";"15";"";"";"";"";"C";"";"";"";"";"";"";"";
"C17";"0.22uF";"C-EUC0402K";"C0402K";"CAPACITOR, European symbol";"";"";"";"";"";"";"";"";"";"";"";"";"";"";"";"";"";"";"";"";"";"";"";"";"";"";"";"";"";"";"";"15";"";"";"";"";"C";"";"";"";"";"";"";"";
"C18";"0.22uF";"C-EUC0402K";"C0402K";"CAPACITOR, European symbol";"";"";"";"";"";"";"";"";"";"";"";"";"";"";"";"";"";"";"";"";"";"";"";"";"";"";"";"";"";"";"";"15";"";"";"";"";"C";"";"";"";"";"";"";"";
"C19";"4.7uF";"C-EUC0402K";"C0402K";"CAPACITOR, European symbol";"";"";"";"";"";"";"";"";"";"";"";"";"";"";"";"";"";"";"";"";"";"";"";"";"";"";"";"";"";"";"";"15";"";"";"";"";"C";"";"";"";"";"";"";"";
"C20";"0.22uF";"C-EUC0402K";"C0402K";"CAPACITOR, European symbol";"";"";"";"";"";"";"";"";"";"";"";"";"";"";"";"";"";"";"";"";"";"";"";"";"";"";"";"";"";"";"";"15";"";"";"";"";"C";"";"";"";"";"";"";"";
"C21";"0.22uF";"C-EUC0402K";"C0402K";"CAPACITOR, European symbol";"";"";"";"";"";"";"";"";"";"";"";"";"";"";"";"";"";"";"";"";"";"";"";"";"";"";"";"";"";"";"";"15";"";"";"";"";"C";"";"";"";"";"";"";"";
"C22";"0.22uF";"C-EUC0402K";"C0402K";"CAPACITOR, European symbol";"";"";"";"";"";"";"";"";"";"";"";"";"";"";"";"";"";"";"";"";"";"";"";"";"";"";"";"";"";"";"";"15";"";"";"";"";"C";"";"";"";"";"";"";"";
"C23";"0.22uF";"C-EUC0402K";"C0402K";"CAPACITOR, European symbol";"";"";"";"";"";"";"";"";"";"";"";"";"";"";"";"";"";"";"";"";"";"";"";"";"";"";"";"";"";"";"";"15";"";"";"";"";"C";"";"";"";"";"";"";"";
"C24";"0.22uF";"C-EUC0402K";"C0402K";"CAPACITOR, European symbol";"";"";"";"";"";"";"";"";"";"";"";"";"";"";"";"";"";"";"";"";"";"";"";"";"";"";"";"";"";"";"";"15";"";"";"";"";"C";"";"";"";"";"";"";"";
"C25";"0.22uF";"C-EUC0402K";"C0402K";"CAPACITOR, European symbol";"";"";"";"";"";"";"";"";"";"";"";"";"";"";"";"";"";"";"";"";"";"";"";"";"";"";"";"";"";"";"";"15";"";"";"";"";"C";"";"";"";"";"";"";"";
"C26";"0.22uF";"C-EUC0402K";"C0402K";"CAPACITOR, European symbol";"";"";"";"";"";"";"";"";"";"";"";"";"";"";"";"";"";"";"";"";"";"";"";"";"";"";"";"";"";"";"";"15";"";"";"";"";"C";"";"";"";"";"";"";"";
"C27";"0.22uF";"C-EUC0402K";"C0402K";"CAPACITOR, European symbol";"";"";"";"";"";"";"";"";"";"";"";"";"";"";"";"";"";"";"";"";"";"";"";"";"";"";"";"";"";"";"";"15";"";"";"";"";"C";"";"";"";"";"";"";"";
"C28";"0.22uF";"C-EUC0402K";"C0402K";"CAPACITOR, European symbol";"";"";"";"";"";"";"";"";"";"";"";"";"";"";"";"";"";"";"";"";"";"";"";"";"";"";"";"";"";"";"";"15";"";"";"";"";"C";"";"";"";"";"";"";"";
"C29";"0.22uF";"C-EUC0402K";"C0402K";"CAPACITOR, European symbol";"";"";"";"";"";"";"";"";"";"";"";"";"";"";"";"";"";"";"";"";"";"";"";"";"";"";"";"";"";"";"";"15";"";"";"";"";"C";"";"";"";"";"";"";"";
"C30";"0.22uF";"C-EUC0402K";"C0402K";"CAPACITOR, European symbol";"";"";"";"";"";"";"";"";"";"";"";"";"";"";"";"";"";"";"";"";"";"";"";"";"";"";"";"";"";"";"";"15";"";"";"";"";"C";"";"";"";"";"";"";"";
"C31";"4.7uF";"C-EUC0402K";"C0402K";"CAPACITOR, European symbol";"";"";"";"";"";"";"";"";"";"";"";"";"";"";"";"";"";"";"";"";"";"";"";"";"";"";"";"";"";"";"";"15";"";"";"";"";"C";"";"";"";"";"";"";"";
"C32";"22uF";"C-EUC0603K";"C0603K";"CAPACITOR, European symbol";"";"";"";"";"";"";"";"";"";"";"";"";"";"";"";"";"";"";"";"";"";"";"";"";"";"";"";"";"";"";"";"30";"";"";"";"";"C";"";"";"";"";"";"";"";
"C33";"0.22uF";"C-EUC0402K";"C0402K";"CAPACITOR, European symbol";"";"";"";"";"";"";"";"";"";"";"";"";"";"";"";"";"";"";"";"";"";"";"";"";"";"";"";"";"";"";"";"15";"";"";"";"";"C";"";"";"";"";"";"";"";
"C34";"4.7uF";"C-EUC0402K";"C0402K";"CAPACITOR, European symbol";"";"";"";"";"";"";"";"";"";"";"";"";"";"";"";"";"";"";"";"";"";"";"";"";"";"";"";"";"";"";"";"15";"";"";"";"";"C";"";"";"";"";"";"";"";
"C35";"0.22uF";"C-EUC0402K";"C0402K";"CAPACITOR, European symbol";"";"";"";"";"";"";"";"";"";"";"";"";"";"";"";"";"";"";"";"";"";"";"";"";"";"";"";"";"";"";"";"15";"";"";"";"";"C";"";"";"";"";"";"";"";
"C36";"0.22uF";"C-EUC0402K";"C0402K";"CAPACITOR, European symbol";"";"";"";"";"";"";"";"";"";"";"";"";"";"";"";"";"";"";"";"";"";"";"";"";"";"";"";"";"";"";"";"15";"";"";"";"";"C";"";"";"";"";"";"";"";
"C37";"33uF";"C-EUC0402K";"C0402K";"CAPACITOR, European symbol";"";"";"";"";"";"";"";"";"";"";"";"";"";"";"";"";"";"";"";"";"";"";"";"";"";"";"";"";"";"";"";"15";"";"";"";"";"C";"";"";"";"";"";"";"";
"C38";"22uF";"C-EUC0402K";"C0402K";"CAPACITOR, European symbol";"";"";"";"";"";"";"";"";"";"";"";"";"";"";"";"";"";"";"";"";"";"";"";"";"";"";"";"";"";"";"";"15";"";"";"";"";"C";"";"";"";"";"";"";"";
"C39";"4.7uF";"C-EUC0402K";"C0402K";"CAPACITOR, European symbol";"";"";"";"";"";"";"";"";"";"";"";"";"";"";"";"";"";"";"";"";"";"";"";"";"";"";"";"";"";"";"";"15";"";"";"";"";"C";"";"";"";"";"";"";"";
"C40";"0.22uF";"C-EUC0402K";"C0402K";"CAPACITOR, European symbol";"";"";"";"";"";"";"";"";"";"";"";"";"";"";"";"";"";"";"";"";"";"";"";"";"";"";"";"";"";"";"";"15";"";"";"";"";"C";"";"";"";"";"";"";"";
"C41";"0.22uF";"C-EUC0402K";"C0402K";"CAPACITOR, European symbol";"";"";"";"";"";"";"";"";"";"";"";"";"";"";"";"";"";"";"";"";"";"";"";"";"";"";"";"";"";"";"";"15";"";"";"";"";"C";"";"";"";"";"";"";"";
"C42";"0.22uF";"C-EUC0402K";"C0402K";"CAPACITOR, European symbol";"";"";"";"";"";"";"";"";"";"";"";"";"";"";"";"";"";"";"";"";"";"";"";"";"";"";"";"";"";"";"";"15";"";"";"";"";"C";"";"";"";"";"";"";"";
"C43";"10uF";"C-EUC0402K";"C0402K";"CAPACITOR, European symbol";"";"";"";"";"";"";"";"";"";"";"";"";"";"";"";"";"";"";"";"";"";"";"";"";"";"";"";"";"";"";"";"15";"";"";"";"";"C";"";"";"";"";"";"";"";
"C44";"0.1uF";"C-EUC0402K";"C0402K";"CAPACITOR, European symbol";"";"";"";"";"";"";"";"";"";"";"";"";"";"";"";"";"";"";"";"";"";"";"";"";"";"";"";"";"";"";"";"15";"";"";"";"";"C";"";"";"";"";"";"";"";
"C45";"0.1uF";"C-EUC0402K";"C0402K";"CAPACITOR, European symbol";"";"";"";"";"";"";"";"";"";"";"";"";"";"";"";"";"";"";"";"";"";"";"";"";"";"";"";"";"";"";"";"15";"";"";"";"";"C";"";"";"";"";"";"";"";
"C46";"0.1uF";"C-EUC0402K";"C0402K";"CAPACITOR, European symbol";"";"";"";"";"";"";"";"";"";"";"";"";"";"";"";"";"";"";"";"";"";"";"";"";"";"";"";"";"";"";"";"15";"";"";"";"";"C";"";"";"";"";"";"";"";
"C47";"0.1uF";"C-EUC0402K";"C0402K";"CAPACITOR, European symbol";"";"";"";"";"";"";"";"";"";"";"";"";"";"";"";"";"";"";"";"";"";"";"";"";"";"";"";"";"";"";"";"15";"";"";"";"";"C";"";"";"";"";"";"";"";
"C48";"4.7uF";"C-EUC0402K";"C0402K";"CAPACITOR, European symbol";"";"";"";"";"";"";"";"";"";"";"";"";"";"";"";"";"";"";"";"";"";"";"";"";"";"";"";"";"";"";"";"15";"";"";"";"";"C";"";"";"";"";"";"";"";
"C49";"0.1uF";"C-EUC0402K";"C0402K";"CAPACITOR, European symbol";"";"";"";"";"";"";"";"";"";"";"";"";"";"";"";"";"";"";"";"";"";"";"";"";"";"";"";"";"";"";"";"15";"";"";"";"";"C";"";"";"";"";"";"";"";
"C50";"4.7uF";"C-EUC0402K";"C0402K";"CAPACITOR, European symbol";"";"";"";"";"";"";"";"";"";"";"";"";"";"";"";"";"";"";"";"";"";"";"";"";"";"";"";"";"";"";"";"15";"";"";"";"";"C";"";"";"";"";"";"";"";
"C51";"0.1uF";"C-EUC0402K";"C0402K";"CAPACITOR, European symbol";"";"";"";"";"";"";"";"";"";"";"";"";"";"";"";"";"";"";"";"";"";"";"";"";"";"";"";"";"";"";"";"15";"";"";"";"";"C";"";"";"";"";"";"";"";
"C52";"4.7uF";"C-EUC0402K";"C0402K";"CAPACITOR, European symbol";"";"";"";"";"";"";"";"";"";"";"";"";"";"";"";"";"";"";"";"";"";"";"";"";"";"";"";"";"";"";"";"15";"";"";"";"";"C";"";"";"";"";"";"";"";
"C53";"4.7uF";"C-EUC0402K";"C0402K";"CAPACITOR, European symbol";"";"";"";"";"";"";"";"";"";"";"";"";"";"";"";"";"";"";"";"";"";"";"";"";"";"";"";"";"";"";"";"15";"";"";"";"";"C";"";"";"";"";"";"";"";
"C54";"4.7uF";"C-EUC0402K";"C0402K";"CAPACITOR, European symbol";"";"";"";"";"";"";"";"";"";"";"";"";"";"";"";"";"";"";"";"";"";"";"";"";"";"";"";"";"";"";"";"15";"";"";"";"";"C";"";"";"";"";"";"";"";
"C55";"4.7uF";"C-EUC0402K";"C0402K";"CAPACITOR, European symbol";"";"";"";"";"";"";"";"";"";"";"";"";"";"";"";"";"";"";"";"";"";"";"";"";"";"";"";"";"";"";"";"15";"";"";"";"";"C";"";"";"";"";"";"";"";
"C56";"1.0uF";"C-EUC0402K";"C0402K";"CAPACITOR, European symbol";"";"";"";"";"";"";"";"";"";"";"";"";"";"";"";"";"";"";"";"";"";"";"";"";"";"";"";"";"";"";"";"15";"";"";"";"";"C";"";"";"";"";"";"";"";
"C57";"0.1 uF";"C-EUC0402K";"C0402K";"CAPACITOR, European symbol";"";"";"";"";"";"";"";"";"";"";"";"";"";"";"";"";"";"";"";"";"";"";"";"";"";"";"";"";"";"";"";"15";"";"";"";"";"C";"";"";"";"";"";"";"";
"C58";"4.7 uF";"C-EUC0402K";"C0402K";"CAPACITOR, European symbol";"";"";"";"";"";"";"";"";"";"";"";"";"";"";"";"";"";"";"";"";"";"";"";"";"";"";"";"";"";"";"";"15";"";"";"";"";"C";"";"";"";"";"";"";"";
"C59";"10 uF";"C-EUC0402K";"C0402K";"CAPACITOR, European symbol";"";"";"";"";"";"";"";"";"";"";"";"";"";"";"";"";"";"";"";"";"";"";"";"";"";"";"";"";"";"";"";"15";"";"";"";"";"C";"";"";"";"";"";"";"";
"C60";"4.7 uF";"C-EUC0402K";"C0402K";"CAPACITOR, European symbol";"";"";"";"";"";"";"";"";"";"";"";"";"";"";"";"";"";"";"";"";"";"";"";"";"";"";"";"";"";"";"";"15";"";"";"";"";"C";"";"";"";"";"";"";"";
"C61";"1.0uF";"C-EUC0402K";"C0402K";"CAPACITOR, European symbol";"";"";"";"";"";"";"";"";"";"";"";"";"";"";"";"";"";"";"";"";"";"";"";"";"";"";"";"";"";"";"";"15";"";"";"";"";"C";"";"";"";"";"";"";"";
"C62";"1.0uF";"C-EUC0402K";"C0402K";"CAPACITOR, European symbol";"";"";"";"";"";"";"";"";"";"";"";"";"";"";"";"";"";"";"";"";"";"";"";"";"";"";"";"";"";"";"";"15";"";"";"";"";"C";"";"";"";"";"";"";"";
"C63";"18pF";"C-EUC0402K";"C0402K";"CAPACITOR, European symbol";"";"";"";"";"";"";"";"";"";"";"";"";"";"";"";"";"";"";"";"";"";"";"";"";"";"";"";"";"";"";"";"15";"";"";"";"";"C";"";"";"";"";"";"";"";
"C64";"18pF";"C-EUC0402K";"C0402K";"CAPACITOR, European symbol";"";"";"";"";"";"";"";"";"";"";"";"";"";"";"";"";"";"";"";"";"";"";"";"";"";"";"";"";"";"";"";"15";"";"";"";"";"C";"";"";"";"";"";"";"";
"C65";"10 uF";"C-EUC0402K";"C0402K";"CAPACITOR, European symbol";"";"";"";"";"";"";"";"";"";"";"";"";"";"";"";"";"";"";"";"";"";"";"";"";"";"";"";"";"";"";"";"15";"";"";"";"";"C";"";"";"";"";"";"";"";
"C66";"2.2 uF";"C-EUC0402K";"C0402K";"CAPACITOR, European symbol";"";"";"";"";"";"";"";"";"";"";"";"";"";"";"";"";"";"";"";"";"";"";"";"";"";"";"";"";"";"";"";"15";"";"";"";"";"C";"";"";"";"";"";"";"";
"C67";"0.1 uF";"C-EUC0402K";"C0402K";"CAPACITOR, European symbol";"";"";"";"";"";"";"";"";"";"";"";"";"";"";"";"";"";"";"";"";"";"";"";"";"";"";"";"";"";"";"";"15";"";"";"";"";"C";"";"";"";"";"";"";"";
"C68";"1.0 uF";"C-EUC0402K";"C0402K";"CAPACITOR, European symbol";"";"";"";"";"";"";"";"";"";"";"";"";"";"";"";"";"";"";"";"";"";"";"";"";"";"";"";"";"";"";"";"15";"";"";"";"";"C";"";"";"";"";"";"";"";
"C69";"10 uF";"C-EUC0402K";"C0402K";"CAPACITOR, European symbol";"";"";"";"";"";"";"";"";"";"";"";"";"";"";"";"";"";"";"";"";"";"";"";"";"";"";"";"";"";"";"";"15";"";"";"";"";"C";"";"";"";"";"";"";"";
"C70";"22 pF";"C-EUC0402K";"C0402K";"CAPACITOR, European symbol";"";"";"";"";"";"";"";"";"";"";"";"";"";"";"";"";"";"";"";"";"";"";"";"";"";"";"";"";"";"";"";"15";"";"";"";"";"C";"";"";"";"";"";"";"";
"C71";"22 pF";"C-EUC0402K";"C0402K";"CAPACITOR, European symbol";"";"";"";"";"";"";"";"";"";"";"";"";"";"";"";"";"";"";"";"";"";"";"";"";"";"";"";"";"";"";"";"15";"";"";"";"";"C";"";"";"";"";"";"";"";
"C72";"10 uF";"C-EUC0402K";"C0402K";"CAPACITOR, European symbol";"";"";"";"";"";"";"";"";"";"";"";"";"";"";"";"";"";"";"";"";"";"";"";"";"";"";"";"";"";"";"";"15";"";"";"";"";"C";"";"";"";"";"";"";"";
"C73";"0.1 uF";"C-EUC0402K";"C0402K";"CAPACITOR, European symbol";"";"";"";"";"";"";"";"";"";"";"";"";"";"";"";"";"";"";"";"";"";"";"";"";"";"";"";"";"";"";"";"15";"";"";"";"";"C";"";"";"";"";"";"";"";
"C74";"4.7 uF";"C-EUC0402K";"C0402K";"CAPACITOR, European symbol";"";"";"";"";"";"";"";"";"";"";"";"";"";"";"";"";"";"";"";"";"";"";"";"";"";"";"";"";"";"";"";"15";"";"";"";"";"C";"";"";"";"";"";"";"";
"C75";"0.1 uF";"C-EUC0402K";"C0402K";"CAPACITOR, European symbol";"";"";"";"";"";"";"";"";"";"";"";"";"";"";"";"";"";"";"";"";"";"";"";"";"";"";"";"";"";"";"";"15";"";"";"";"";"C";"";"";"";"";"";"";"";
"C76";"0.1 uF";"C-EUC0402K";"C0402K";"CAPACITOR, European symbol";"";"";"";"";"";"";"";"";"";"";"";"";"";"";"";"";"";"";"";"";"";"";"";"";"";"";"";"";"";"";"";"15";"";"";"";"";"C";"";"";"";"";"";"";"";
"C77";"0.1 uF";"C-EUC0402K";"C0402K";"CAPACITOR, European symbol";"";"";"";"";"";"";"";"";"";"";"";"";"";"";"";"";"";"";"";"";"";"";"";"";"";"";"";"";"";"";"";"15";"";"";"";"";"C";"";"";"";"";"";"";"";
"C78";"0.1 uF";"C-EUC0402K";"C0402K";"CAPACITOR, European symbol";"";"";"";"";"";"";"";"";"";"";"";"";"";"";"";"";"";"";"";"";"";"";"";"";"";"";"";"";"";"";"";"15";"";"";"";"";"C";"";"";"";"";"";"";"";
"C79";"1000 pF";"C-EUC0402K";"C0402K";"CAPACITOR, European symbol";"";"";"";"";"";"";"";"";"";"";"";"";"";"";"";"";"";"";"";"";"";"";"";"";"";"";"";"";"";"";"";"15";"";"";"";"";"C";"";"";"";"";"";"";"";
"C80";"4.7 uF";"C-EUC0402K";"C0402K";"CAPACITOR, European symbol";"";"";"";"";"";"";"";"";"";"";"";"";"";"";"";"";"";"";"";"";"";"";"";"";"";"";"";"";"";"";"";"15";"";"";"";"";"C";"";"";"";"";"";"";"";
"C81";"0.1 uF";"C-EUC0402K";"C0402K";"CAPACITOR, European symbol";"";"";"";"";"";"";"";"";"";"";"";"";"";"";"";"";"";"";"";"";"";"";"";"";"";"";"";"";"";"";"";"15";"";"";"";"";"C";"";"";"";"";"";"";"";
"C82";"10 uF";"C-EUC0402K";"C0402K";"CAPACITOR, European symbol";"";"";"";"";"";"";"";"";"";"";"";"";"";"";"";"";"";"";"";"";"";"";"";"";"";"";"";"";"";"";"";"15";"";"";"";"";"C";"";"";"";"";"";"";"";
"C83";"10uF";"C-EUC0402K";"C0402K";"CAPACITOR, European symbol";"";"";"";"";"";"";"";"";"";"";"";"";"";"";"";"";"";"";"";"";"";"";"";"";"";"";"";"";"";"";"";"15";"";"";"";"";"C";"";"";"";"";"";"";"";
"C84";"10uF";"C-EUC0402K";"C0402K";"CAPACITOR, European symbol";"";"";"";"";"";"";"";"";"";"";"";"";"";"";"";"";"";"";"";"";"";"";"";"";"";"";"";"";"";"";"";"15";"";"";"";"";"C";"";"";"";"";"";"";"";
"C85";"0.1uF";"C-EUC0402K";"C0402K";"CAPACITOR, European symbol";"";"";"";"";"";"";"";"";"";"";"";"";"";"";"";"";"";"";"";"";"";"";"";"";"";"";"";"";"";"";"";"15";"";"";"";"";"C";"";"";"";"";"";"";"";
"C86";"0.22uF";"C-EUC0402K";"C0402K";"CAPACITOR, European symbol";"";"";"";"";"";"";"";"";"";"";"";"";"";"";"";"";"";"";"";"";"";"";"";"";"";"";"";"";"";"";"";"15";"";"";"";"";"C";"";"";"";"";"";"";"";
"C87";"22uF";"C-EUC0402K";"C0402K";"CAPACITOR, European symbol";"";"";"";"";"";"";"";"";"";"";"";"";"";"";"";"";"";"";"";"";"";"";"";"";"";"";"";"";"";"";"";"15";"";"";"";"";"C";"";"";"";"";"";"";"";
"C88";"0.1uF";"C-EUC0402K";"C0402K";"CAPACITOR, European symbol";"";"";"";"";"";"";"";"";"";"";"";"";"";"";"";"";"";"";"";"";"";"";"";"";"";"";"";"";"";"";"";"15";"";"";"";"";"C";"";"";"";"";"";"";"";
"C89";"1000pF";"C-EUC0402K";"C0402K";"CAPACITOR, European symbol";"";"";"";"";"";"";"";"";"";"";"";"";"";"";"";"";"";"";"";"";"";"";"";"";"";"";"";"";"";"";"";"15";"";"";"";"";"C";"";"";"";"";"";"";"";
"C90";"1000pF";"C-EUC0402K";"C0402K";"CAPACITOR, European symbol";"";"";"";"";"";"";"";"";"";"";"";"";"";"";"";"";"";"";"";"";"";"";"";"";"";"";"";"";"";"";"";"15";"";"";"";"";"C";"";"";"";"";"";"";"";
"C91";"0.1uF";"C-EUC0402K";"C0402K";"CAPACITOR, European symbol";"";"";"";"";"";"";"";"";"";"";"";"";"";"";"";"";"";"";"";"";"";"";"";"";"";"";"";"";"";"";"";"15";"";"";"";"";"C";"";"";"";"";"";"";"";
"D1";"";"SCHOTTKY-DIODESMC";"SMC";"Schottky Diode";"";"";"";"";"";"";"";"";"";"";"";"";"";"";"";"";"";"";"";"";"";"";"";"";"";"";"";"";"";"";"";"";"";"";"";"";"";"";"";"";"";"";"";"";
"D2";"";"SCHOTTKY-DIODESMC";"SMC";"Schottky Diode";"";"";"";"";"";"";"";"";"";"";"";"";"";"";"";"";"";"";"";"";"";"";"";"";"";"";"";"";"";"";"";"";"";"";"";"";"";"";"";"";"";"";"";"";
"D3";"";"SCHOTTKY-DIODESMC";"SMC";"Schottky Diode";"";"";"";"";"";"";"";"";"";"";"";"";"";"";"";"";"";"";"";"";"";"";"";"";"";"";"";"";"";"";"";"";"";"";"";"";"";"";"";"";"";"";"";"";
"D4";"KINGBRIGHT_KPT-1608SGCKINGBRIGHT_KPT-1608SGC_0_0";"KINGBRIGHT_KPT-1608SGCKINGBRIGHT_KPT-1608SGC_0_0";"KINGBRIGHT_KPT-1608SGC_0";"LED, Low Power, Green, SMD, 20 mA, 2.2 V, 568 nm";"";"No";"Green";"";"http://www.kingbright.com/attachments/file/psearch/000/00/00/KPT-1608SGC(Ver.29B).pdf";"";"Optoelectronics";"LEDs";"unset";"";"";"25mA";"2.2V";"0.85mm";"yes";"Top View";"12mcd";"";"";"+110째C";"Kingbright";"KPT-1608SGC";"0";"0";"";"";"";"KPT-1608SGC";"";"";"0603";"";"62.5mW";"D";"5V";"yes";"";"+85째C";"-40째C";"";"";"0.0.0.1";"150째";"568nm";
"D8";"0402ESDA-MLP1";"0402ESDA-MLP1";"DIONC1105X44N";"ESD Suppressors / TVS Diodes PolySurg 0402 35V .05pF";"";"";"";"";"";"ESD Suppressors / TVS Diodes PolySurg 0402 35V .05pF";"";"";"";"";"";"";"";"0.436mm";"";"";"";"Eaton";"0402ESDA-MLP1";"";"";"";"";"";"504-0402ESDA-MLP1";"https://www.mouser.com/Search/Refine.aspx?Keyword=504-0402ESDA-MLP1";"";"";"";"";"";"";"";"";"";"";"";"";"";"";"";"";"";"";
"D9";"0402ESDA-MLP1";"0402ESDA-MLP1";"DIONC1105X44N";"ESD Suppressors / TVS Diodes PolySurg 0402 35V .05pF";"";"";"";"";"";"ESD Suppressors / TVS Diodes PolySurg 0402 35V .05pF";"";"";"";"";"";"";"";"0.436mm";"";"";"";"Eaton";"0402ESDA-MLP1";"";"";"";"";"";"504-0402ESDA-MLP1";"https://www.mouser.com/Search/Refine.aspx?Keyword=504-0402ESDA-MLP1";"";"";"";"";"";"";"";"";"";"";"";"";"";"";"";"";"";"";
"D10";"0402ESDA-MLP1";"0402ESDA-MLP1";"DIONC1105X44N";"ESD Suppressors / TVS Diodes PolySurg 0402 35V .05pF";"";"";"";"";"";"ESD Suppressors / TVS Diodes PolySurg 0402 35V .05pF";"";"";"";"";"";"";"";"0.436mm";"";"";"";"Eaton";"0402ESDA-MLP1";"";"";"";"";"";"504-0402ESDA-MLP1";"https://www.mouser.com/Search/Refine.aspx?Keyword=504-0402ESDA-MLP1";"";"";"";"";"";"";"";"";"";"";"";"";"";"";"";"";"";"";
"IC1";"IS42S16160J-6BLI";"IS42S16160J-6BLI";"BGA54C80P9X9_800X800X120";"DRAM 256M, 3.3V, SDRAM, 16Mx16, 166Mhz, 54 ball BGA (8mmx8mm) RoHS, IT";"";"";"";"";"";"DRAM 256M, 3.3V, SDRAM, 16Mx16, 166Mhz, 54 ball BGA (8mmx8mm) RoHS, IT";"";"";"";"";"";"";"";"1.2mm";"";"";"";"Integrated Silicon Solution Inc.";"IS42S16160J-6BLI";"";"";"";"";"";"870-42S16160J6BLI";"https://www.mouser.com/Search/Refine.aspx?Keyword=870-42S16160J6BLI";"";"";"";"";"";"";"";"";"";"";"";"";"";"";"";"";"";"";
"IC2";"S26KS512SDPBHI020";"S26KS512SDPBHI020";"BGA24C100P5X5_600X800X100";"1.8V 512MBIT, HYPERFLASH, 166M";"";"";"";"";"";"1.8V 512MBIT, HYPERFLASH, 166M";"";"";"";"";"";"";"";"1mm";"";"";"";"Cypress Semiconductor";"S26KS512SDPBHI020";"";"";"";"";"";"727-26KS512SDPBHI020";"https://www.mouser.com/Search/Refine.aspx?Keyword=727-26KS512SDPBHI020";"";"";"";"";"";"";"";"";"";"";"";"";"";"";"";"";"";"";
"IC3";"74LVC2T45GS,115";"74LVC2T45GS,115";"74AXP2T3407GSX";"74LVC2T45; 74LVCH2T45 - Dual supply translating transceiver; 3-state@en-us";"";"";"";"";"";"74LVC2T45";" 74LVCH2T45 - Dual supply translating transceiver";" 3-state@en-us";"";"";"";"";"";"";"";"0.35mm";"";"";"";"Nexperia";"74LVC2T45GS,115";"";"";"";"";"";"771-74LVC2T45GS115";"https://www.mouser.com/Search/Refine.aspx?Keyword=771-74LVC2T45GS115";"";"";"";"";"";"";"";"";"";"";"";"";"";"";"";"";
"IC4";"74LVCH1T45GS,132";"74LVCH1T45GS,132";"74LVC1G3157GS132";"74LVC1T45; 74LVCH1T45 - Dual supply translating transceiver; 3-state@en-us";"";"";"";"";"";"74LVC1T45";" 74LVCH1T45 - Dual supply translating transceiver";" 3-state@en-us";"";"";"";"";"";"";"";"0.35mm";"";"";"";"Nexperia";"74LVCH1T45GS,132";"";"";"";"";"";"771-74LVCH1T45GS132";"https://www.mouser.com/Search/Refine.aspx?Keyword=771-74LVCH1T45GS132";"";"";"";"";"";"";"";"";"";"";"";"";"";"";"";"";
"IC5";"MP2144GJ-Z";"MP2144GJ-Z";"SOT65P280X100-8N";"Switching Voltage Regulators 2A, 5.5V, 1.2MHz Sync Stp-Dwn Swtchr";"";"";"";"";"";"Switching Voltage Regulators 2A, 5.5V, 1.2MHz Sync Stp-Dwn Swtchr";"";"";"";"";"";"";"";"1mm";"";"";"";"Monolithic Power Systems (MPS)";"MP2144GJ-Z";"";"";"";"";"";"946-MP2144GJZ";"https://www.mouser.com/Search/Refine.aspx?Keyword=946-MP2144GJZ";"";"";"";"";"";"";"";"";"";"";"";"";"";"";"";"";"";"";
"IC7";"74LVCH1T45GS,132";"74LVCH1T45GS,132";"74LVC1G3157GS132";"74LVC1T45; 74LVCH1T45 - Dual supply translating transceiver; 3-state@en-us";"";"";"";"";"";"74LVC1T45";" 74LVCH1T45 - Dual supply translating transceiver";" 3-state@en-us";"";"";"";"";"";"";"";"0.35mm";"";"";"";"Nexperia";"74LVCH1T45GS,132";"";"";"";"";"";"771-74LVCH1T45GS132";"https://www.mouser.com/Search/Refine.aspx?Keyword=771-74LVCH1T45GS132";"";"";"";"";"";"";"";"";"";"";"";"";"";"";"";"";
"IC8";"74LVCH1T45GS,132";"74LVCH1T45GS,132";"74LVC1G3157GS132";"74LVC1T45; 74LVCH1T45 - Dual supply translating transceiver; 3-state@en-us";"";"";"";"";"";"74LVC1T45";" 74LVCH1T45 - Dual supply translating transceiver";" 3-state@en-us";"";"";"";"";"";"";"";"0.35mm";"";"";"";"Nexperia";"74LVCH1T45GS,132";"";"";"";"";"";"771-74LVCH1T45GS132";"https://www.mouser.com/Search/Refine.aspx?Keyword=771-74LVCH1T45GS132";"";"";"";"";"";"";"";"";"";"";"";"";"";"";"";"";
"J1";"DX4R205JJAR1800";"DX4R205JJAR1800";"JAE_DX4R205JJAR1800";"CONN RCPT MICRO USB 2.0 AB";"";"";"";"";"";" DX4 series, receptacle, on-board, right-angle standard mount, surface mount ";"";"";"";"670-2677-1-ND";"https://www.digikey.com/product-detail/en/jae-electronics/DX4R205JJAR1800/670-2677-1-ND/3903237?utm_source=snapeda&utm_medium=aggregator&utm_campaign=symbol";"";"";"";"";"";"";"";"";"";"JAE Electronics";"";"";"";"";"";"DX4R205JJAR1800";"";"";"";"None";"";"";"";"";"";"";"";"";"";"";"";"";"";
"J2";"DX4R205JJAR1800";"DX4R205JJAR1800";"JAE_DX4R205JJAR1800";"CONN RCPT MICRO USB 2.0 AB";"";"";"";"";"";" DX4 series, receptacle, on-board, right-angle standard mount, surface mount ";"";"";"";"670-2677-1-ND";"https://www.digikey.com/product-detail/en/jae-electronics/DX4R205JJAR1800/670-2677-1-ND/3903237?utm_source=snapeda&utm_medium=aggregator&utm_campaign=symbol";"";"";"";"";"";"";"";"";"";"JAE Electronics";"";"";"";"";"";"DX4R205JJAR1800";"";"";"";"None";"";"";"";"";"";"";"";"";"";"";"";"";"";
"JP1";"";"PINHD-2X10";"2X10";"PIN HEADER";"";"";"";"";"";"";"";"";"";"";"";"";"";"";"";"";"";"";"";"";"";"";"";"";"";"";"";"";"";"";"";"";"";"";"";"";"";"";"";"";"";"";"";"";
"L1";"120 Ohm";"BLM15HB121SN1";"0402";"EMIFIL (R) Chip Ferrite Bead for GHz Noise";"";"";"";"";"";"";"";"";"";"";"";"";"";"";"";"";"";"";"";"";"";"";"";"";"";"";"";"";"";"";"";"";"";"";"";"";"";"";"";"";"";"";"";"";
"L2";"4.7uH";"L-EUL4035M";"L4035M";"INDUCTOR, European symbol";"";"";"";"";"";"";"";"";"";"";"";"";"";"";"";"";"";"";"";"";"";"";"";"";"";"";"";"";"";"";"";"";"";"";"";"";"L";"";"";"";"";"";"";"";
"L3";"330 Ohm";"B82132";"SUKW2-22";"INDUCTOR";"";"";"";"";"";"";"";"";"";"";"";"";"";"";"";"";"";"";"";"";"";"";"";"";"";"";"";"";"";"";"";"1";"";"";"";"";"L";"";"";"";"";"";"";"";
"L4";"330 Ohm";"B82132";"SUKW2-22";"INDUCTOR";"";"";"";"";"";"";"";"";"";"";"";"";"";"";"";"";"";"";"";"";"";"";"";"";"";"";"";"";"";"";"";"1";"";"";"";"";"L";"";"";"";"";"";"";"";
"L5";"330 Ohm";"B82132";"SUKW2-22";"INDUCTOR";"";"";"";"";"";"";"";"";"";"";"";"";"";"";"";"";"";"";"";"";"";"";"";"";"";"";"";"";"";"";"";"1";"";"";"";"";"L";"";"";"";"";"";"";"";
"L6";"330 Ohm";"B82132";"SUKW2-22";"INDUCTOR";"";"";"";"";"";"";"";"";"";"";"";"";"";"";"";"";"";"";"";"";"";"";"";"";"";"";"";"";"";"";"";"1";"";"";"";"";"L";"";"";"";"";"";"";"";
"L7";"330 Ohm";"B82132";"SUKW2-22";"INDUCTOR";"";"";"";"";"";"";"";"";"";"";"";"";"";"";"";"";"";"";"";"";"";"";"";"";"";"";"";"";"";"";"";"1";"";"";"";"";"L";"";"";"";"";"";"";"";
"L8";"120 Ohm";"B82132";"SUKW2-22";"INDUCTOR";"";"";"";"";"";"";"";"";"";"";"";"";"";"";"";"";"";"";"";"";"";"";"";"";"";"";"";"";"";"";"";"1";"";"";"";"";"L";"";"";"";"";"";"";"";
"L9";"1uH";"L-EU0204V";"0204V";"INDUCTOR, European symbol";"";"";"";"";"";"";"";"";"";"";"";"";"";"";"";"";"";"";"";"";"";"";"";"";"";"";"";"";"";"";"";"";"";"";"";"";"L";"";"";"";"";"";"";"";
"Q1";"FA-128";"FA-128";"FA-128";"MHz RANGE CRYSTAL UNIT";"";"";"";"";"";"";"";"";"";"";"";"";"";"";"";"";"";"";"";"";"";"";"";"";"";"";"";"";"";"";"";"";"";"";"";"";"";"";"";"";"";"";"";"";
"Q2";"BUZ72";"BUZ72";"TO220";"N-Channel Enhancement MOSFET 100V; 10A; 0,2Ohm";"";"";"";"";"";"";"";"";"";"";"";"";"";"";"";"";"";"";"";"";"";"";"";"";"";"";"";"";"";"";"";"1";"";"";"";"";"";"";"";"";"";"";"";"";
"Q3";"FC-12M";"FC-12M";"FC-12M";"kHz RANGE CRYSTAL UNIT";"";"";"";"";"";"";"";"";"";"";"";"";"";"";"";"";"";"";"";"";"";"";"";"";"";"";"";"";"";"";"";"";"";"";"";"";"";"";"";"";"";"";"";"";
"R1";"0 Ohm";"R-EU_R0402";"R0402";"RESISTOR, European symbol";"";"";"";"";"";"";"";"";"";"";"";"";"";"";"";"";"";"";"";"";"";"";"";"";"";"";"";"";"";"";"";"";"";"";"";"";"R";"";"";"";"";"";"";"";
"R2";"0 Ohm";"R-EU_R0402";"R0402";"RESISTOR, European symbol";"";"";"";"";"";"";"";"";"";"";"";"";"";"";"";"";"";"";"";"";"";"";"";"";"";"";"";"";"";"";"";"";"";"";"";"";"R";"";"";"";"";"";"";"";
"R3";"0 Ohm";"R-EU_R0402";"R0402";"RESISTOR, European symbol";"";"";"";"";"";"";"";"";"";"";"";"";"";"";"";"";"";"";"";"";"";"";"";"";"";"";"";"";"";"";"";"";"";"";"";"";"R";"";"";"";"";"";"";"";
"R4";"1K Ohm";"R-EU_R0402";"R0402";"RESISTOR, European symbol";"";"";"";"";"";"";"";"";"";"";"";"";"";"";"";"";"";"";"";"";"";"";"";"";"";"";"";"";"";"";"";"";"";"";"";"";"R";"";"";"";"";"";"";"";
"R5";"0 Ohm";"R-EU_R0402";"R0402";"RESISTOR, European symbol";"";"";"";"";"";"";"";"";"";"";"";"";"";"";"";"";"";"";"";"";"";"";"";"";"";"";"";"";"";"";"";"";"";"";"";"";"R";"";"";"";"";"";"";"";
"R6";"30K Ohm";"R-EU_R0402";"R0402";"RESISTOR, European symbol";"";"";"";"";"";"";"";"";"";"";"";"";"";"";"";"";"";"";"";"";"";"";"";"";"";"";"";"";"";"";"";"";"";"";"";"";"R";"";"";"";"";"";"";"";
"R7";"0 Ohm";"R-EU_R0402";"R0402";"RESISTOR, European symbol";"";"";"";"";"";"";"";"";"";"";"";"";"";"";"";"";"";"";"";"";"";"";"";"";"";"";"";"";"";"";"";"";"";"";"";"";"R";"";"";"";"";"";"";"";
"R8";"0 Ohm";"R-EU_R0402";"R0402";"RESISTOR, European symbol";"";"";"";"";"";"";"";"";"";"";"";"";"";"";"";"";"";"";"";"";"";"";"";"";"";"";"";"";"";"";"";"";"";"";"";"";"R";"";"";"";"";"";"";"";
"R9";"100k Ohm";"R-EU_R0402";"R0402";"RESISTOR, European symbol";"";"";"";"";"";"";"";"";"";"";"";"";"";"";"";"";"";"";"";"";"";"";"";"";"";"";"";"";"";"";"";"";"";"";"";"";"R";"";"";"";"";"";"";"";
"R10";"100k Ohm";"R-EU_R0402";"R0402";"RESISTOR, European symbol";"";"";"";"";"";"";"";"";"";"";"";"";"";"";"";"";"";"";"";"";"";"";"";"";"";"";"";"";"";"";"";"";"";"";"";"";"R";"";"";"";"";"";"";"";
"R11";"0 Ohm";"R-EU_R0402";"R0402";"RESISTOR, European symbol";"";"";"";"";"";"";"";"";"";"";"";"";"";"";"";"";"";"";"";"";"";"";"";"";"";"";"";"";"";"";"";"";"";"";"";"";"R";"";"";"";"";"";"";"";
"R12";"2.2M Ohm";"R-EU_R0402";"R0402";"RESISTOR, European symbol";"";"";"";"";"";"";"";"";"";"";"";"";"";"";"";"";"";"";"";"";"";"";"";"";"";"";"";"";"";"";"";"";"";"";"";"";"R";"";"";"";"";"";"";"";
"R13";"0 Ohm";"R-EU_R0402";"R0402";"RESISTOR, European symbol";"";"";"";"";"";"";"";"";"";"";"";"";"";"";"";"";"";"";"";"";"";"";"";"";"";"";"";"";"";"";"";"";"";"";"";"";"R";"";"";"";"";"";"";"";
"R14";"100K Ohm";"R-EU_R0402";"R0402";"RESISTOR, European symbol";"";"";"";"";"";"";"";"";"";"";"";"";"";"";"";"";"";"";"";"";"";"";"";"";"";"";"";"";"";"";"";"";"";"";"";"";"R";"";"";"";"";"";"";"";
"R15";"100K Ohm";"R-EU_R0402";"R0402";"RESISTOR, European symbol";"";"";"";"";"";"";"";"";"";"";"";"";"";"";"";"";"";"";"";"";"";"";"";"";"";"";"";"";"";"";"";"";"";"";"";"";"R";"";"";"";"";"";"";"";
"R16";"0 Ohm";"R-EU_R0402";"R0402";"RESISTOR, European symbol";"";"";"";"";"";"";"";"";"";"";"";"";"";"";"";"";"";"";"";"";"";"";"";"";"";"";"";"";"";"";"";"";"";"";"";"";"R";"";"";"";"";"";"";"";
"R17";"10k Ohm";"R-EU_R0402";"R0402";"RESISTOR, European symbol";"";"";"";"";"";"";"";"";"";"";"";"";"";"";"";"";"";"";"";"";"";"";"";"";"";"";"";"";"";"";"";"";"";"";"";"";"R";"";"";"";"";"";"";"";
"R18";"10k Ohm";"R-EU_R0402";"R0402";"RESISTOR, European symbol";"";"";"";"";"";"";"";"";"";"";"";"";"";"";"";"";"";"";"";"";"";"";"";"";"";"";"";"";"";"";"";"";"";"";"";"";"R";"";"";"";"";"";"";"";
"R19";"0 Ohm";"R-EU_R0402";"R0402";"RESISTOR, European symbol";"";"";"";"";"";"";"";"";"";"";"";"";"";"";"";"";"";"";"";"";"";"";"";"";"";"";"";"";"";"";"";"";"";"";"";"";"R";"";"";"";"";"";"";"";
"R20";"0 Ohm";"R-EU_R0402";"R0402";"RESISTOR, European symbol";"";"";"";"";"";"";"";"";"";"";"";"";"";"";"";"";"";"";"";"";"";"";"";"";"";"";"";"";"";"";"";"";"";"";"";"";"R";"";"";"";"";"";"";"";
"R21";"0 Ohm";"R-EU_R0402";"R0402";"RESISTOR, European symbol";"";"";"";"";"";"";"";"";"";"";"";"";"";"";"";"";"";"";"";"";"";"";"";"";"";"";"";"";"";"";"";"";"";"";"";"";"R";"";"";"";"";"";"";"";
"R22";"0 Ohm";"R-EU_R0402";"R0402";"RESISTOR, European symbol";"";"";"";"";"";"";"";"";"";"";"";"";"";"";"";"";"";"";"";"";"";"";"";"";"";"";"";"";"";"";"";"";"";"";"";"";"R";"";"";"";"";"";"";"";
"R23";"0 Ohm";"R-EU_R0402";"R0402";"RESISTOR, European symbol";"";"";"";"";"";"";"";"";"";"";"";"";"";"";"";"";"";"";"";"";"";"";"";"";"";"";"";"";"";"";"";"";"";"";"";"";"R";"";"";"";"";"";"";"";
"R24";"0 Ohm";"R-EU_R0402";"R0402";"RESISTOR, European symbol";"";"";"";"";"";"";"";"";"";"";"";"";"";"";"";"";"";"";"";"";"";"";"";"";"";"";"";"";"";"";"";"";"";"";"";"";"R";"";"";"";"";"";"";"";
"R25";"0 Ohm";"R-EU_R0402";"R0402";"RESISTOR, European symbol";"";"";"";"";"";"";"";"";"";"";"";"";"";"";"";"";"";"";"";"";"";"";"";"";"";"";"";"";"";"";"";"";"";"";"";"";"R";"";"";"";"";"";"";"";
"R26";"10k Ohm";"R-EU_R0402";"R0402";"RESISTOR, European symbol";"";"";"";"";"";"";"";"";"";"";"";"";"";"";"";"";"";"";"";"";"";"";"";"";"";"";"";"";"";"";"";"";"";"";"";"";"R";"";"";"";"";"";"";"";
"R27";"100 Ohm";"R-EU_R0402";"R0402";"RESISTOR, European symbol";"";"";"";"";"";"";"";"";"";"";"";"";"";"";"";"";"";"";"";"";"";"";"";"";"";"";"";"";"";"";"";"";"";"";"";"";"R";"";"";"";"";"";"";"";
"R36";"4.7K Ohm";"R-EU_R0402";"R0402";"RESISTOR, European symbol";"";"";"";"";"";"";"";"";"";"";"";"";"";"";"";"";"";"";"";"";"";"";"";"";"";"";"";"";"";"";"";"";"";"";"";"";"R";"";"";"";"";"";"";"";
"R37";"4.7K Ohm";"R-EU_R0402";"R0402";"RESISTOR, European symbol";"";"";"";"";"";"";"";"";"";"";"";"";"";"";"";"";"";"";"";"";"";"";"";"";"";"";"";"";"";"";"";"";"";"";"";"";"R";"";"";"";"";"";"";"";
"R38";"0 Ohm";"R-EU_R0402";"R0402";"RESISTOR, European symbol";"";"";"";"";"";"";"";"";"";"";"";"";"";"";"";"";"";"";"";"";"";"";"";"";"";"";"";"";"";"";"";"";"";"";"";"";"R";"";"";"";"";"";"";"";
"R39";"0 Ohm";"R-EU_R0402";"R0402";"RESISTOR, European symbol";"";"";"";"";"";"";"";"";"";"";"";"";"";"";"";"";"";"";"";"";"";"";"";"";"";"";"";"";"";"";"";"";"";"";"";"";"R";"";"";"";"";"";"";"";
"R40";"0 Ohm";"R-EU_R0402";"R0402";"RESISTOR, European symbol";"";"";"";"";"";"";"";"";"";"";"";"";"";"";"";"";"";"";"";"";"";"";"";"";"";"";"";"";"";"";"";"";"";"";"";"";"R";"";"";"";"";"";"";"";
"R41";"0 Ohm";"R-EU_R0402";"R0402";"RESISTOR, European symbol";"";"";"";"";"";"";"";"";"";"";"";"";"";"";"";"";"";"";"";"";"";"";"";"";"";"";"";"";"";"";"";"";"";"";"";"";"R";"";"";"";"";"";"";"";
"R42";"0 Ohm";"R-EU_R0402";"R0402";"RESISTOR, European symbol";"";"";"";"";"";"";"";"";"";"";"";"";"";"";"";"";"";"";"";"";"";"";"";"";"";"";"";"";"";"";"";"";"";"";"";"";"R";"";"";"";"";"";"";"";
"R43";"0 Ohm";"R-EU_R0402";"R0402";"RESISTOR, European symbol";"";"";"";"";"";"";"";"";"";"";"";"";"";"";"";"";"";"";"";"";"";"";"";"";"";"";"";"";"";"";"";"";"";"";"";"";"R";"";"";"";"";"";"";"";
"R44";"0 Ohm";"R-EU_R0402";"R0402";"RESISTOR, European symbol";"";"";"";"";"";"";"";"";"";"";"";"";"";"";"";"";"";"";"";"";"";"";"";"";"";"";"";"";"";"";"";"";"";"";"";"";"R";"";"";"";"";"";"";"";
"R45";"0 Ohm";"R-EU_R0402";"R0402";"RESISTOR, European symbol";"";"";"";"";"";"";"";"";"";"";"";"";"";"";"";"";"";"";"";"";"";"";"";"";"";"";"";"";"";"";"";"";"";"";"";"";"R";"";"";"";"";"";"";"";
"R46";"10K Ohm";"R-EU_R0402";"R0402";"RESISTOR, European symbol";"";"";"";"";"";"";"";"";"";"";"";"";"";"";"";"";"";"";"";"";"";"";"";"";"";"";"";"";"";"";"";"";"";"";"";"";"R";"";"";"";"";"";"";"";
"R47";"0 Ohm";"R-EU_R0402";"R0402";"RESISTOR, European symbol";"";"";"";"";"";"";"";"";"";"";"";"";"";"";"";"";"";"";"";"";"";"";"";"";"";"";"";"";"";"";"";"";"";"";"";"";"R";"";"";"";"";"";"";"";
"R48";"0 Ohm";"R-EU_R0402";"R0402";"RESISTOR, European symbol";"";"";"";"";"";"";"";"";"";"";"";"";"";"";"";"";"";"";"";"";"";"";"";"";"";"";"";"";"";"";"";"";"";"";"";"";"R";"";"";"";"";"";"";"";
"R49";"0 Ohm";"R-EU_R0402";"R0402";"RESISTOR, European symbol";"";"";"";"";"";"";"";"";"";"";"";"";"";"";"";"";"";"";"";"";"";"";"";"";"";"";"";"";"";"";"";"";"";"";"";"";"R";"";"";"";"";"";"";"";
"R50";"0 Ohm";"R-EU_R0402";"R0402";"RESISTOR, European symbol";"";"";"";"";"";"";"";"";"";"";"";"";"";"";"";"";"";"";"";"";"";"";"";"";"";"";"";"";"";"";"";"";"";"";"";"";"R";"";"";"";"";"";"";"";
"R51";"0 Ohm";"R-EU_R0402";"R0402";"RESISTOR, European symbol";"";"";"";"";"";"";"";"";"";"";"";"";"";"";"";"";"";"";"";"";"";"";"";"";"";"";"";"";"";"";"";"";"";"";"";"";"R";"";"";"";"";"";"";"";
"R52";"0 Ohm";"R-EU_R0402";"R0402";"RESISTOR, European symbol";"";"";"";"";"";"";"";"";"";"";"";"";"";"";"";"";"";"";"";"";"";"";"";"";"";"";"";"";"";"";"";"";"";"";"";"";"R";"";"";"";"";"";"";"";
"R53";"0 Ohm";"R-EU_R0402";"R0402";"RESISTOR, European symbol";"";"";"";"";"";"";"";"";"";"";"";"";"";"";"";"";"";"";"";"";"";"";"";"";"";"";"";"";"";"";"";"";"";"";"";"";"R";"";"";"";"";"";"";"";
"R54";"0 Ohm";"R-EU_R0402";"R0402";"RESISTOR, European symbol";"";"";"";"";"";"";"";"";"";"";"";"";"";"";"";"";"";"";"";"";"";"";"";"";"";"";"";"";"";"";"";"";"";"";"";"";"R";"";"";"";"";"";"";"";
"R55";"0 Ohm";"R-EU_R0402";"R0402";"RESISTOR, European symbol";"";"";"";"";"";"";"";"";"";"";"";"";"";"";"";"";"";"";"";"";"";"";"";"";"";"";"";"";"";"";"";"";"";"";"";"";"R";"";"";"";"";"";"";"";
"R56";"0 Ohm";"R-EU_R0402";"R0402";"RESISTOR, European symbol";"";"";"";"";"";"";"";"";"";"";"";"";"";"";"";"";"";"";"";"";"";"";"";"";"";"";"";"";"";"";"";"";"";"";"";"";"R";"";"";"";"";"";"";"";
"R57";"0 Ohm";"R-EU_R0402";"R0402";"RESISTOR, European symbol";"";"";"";"";"";"";"";"";"";"";"";"";"";"";"";"";"";"";"";"";"";"";"";"";"";"";"";"";"";"";"";"";"";"";"";"";"R";"";"";"";"";"";"";"";
"R58";"0 Ohm";"R-EU_R0402";"R0402";"RESISTOR, European symbol";"";"";"";"";"";"";"";"";"";"";"";"";"";"";"";"";"";"";"";"";"";"";"";"";"";"";"";"";"";"";"";"";"";"";"";"";"R";"";"";"";"";"";"";"";
"R59";"0 Ohm";"R-EU_R0402";"R0402";"RESISTOR, European symbol";"";"";"";"";"";"";"";"";"";"";"";"";"";"";"";"";"";"";"";"";"";"";"";"";"";"";"";"";"";"";"";"";"";"";"";"";"R";"";"";"";"";"";"";"";
"R60";"0 Ohm";"R-EU_R0402";"R0402";"RESISTOR, European symbol";"";"";"";"";"";"";"";"";"";"";"";"";"";"";"";"";"";"";"";"";"";"";"";"";"";"";"";"";"";"";"";"";"";"";"";"";"R";"";"";"";"";"";"";"";
"R61";"0 Ohm";"R-EU_R0402";"R0402";"RESISTOR, European symbol";"";"";"";"";"";"";"";"";"";"";"";"";"";"";"";"";"";"";"";"";"";"";"";"";"";"";"";"";"";"";"";"";"";"";"";"";"R";"";"";"";"";"";"";"";
"R62";"0 Ohm";"R-EU_R0402";"R0402";"RESISTOR, European symbol";"";"";"";"";"";"";"";"";"";"";"";"";"";"";"";"";"";"";"";"";"";"";"";"";"";"";"";"";"";"";"";"";"";"";"";"";"R";"";"";"";"";"";"";"";
"R63";"0 Ohm";"R-EU_R0402";"R0402";"RESISTOR, European symbol";"";"";"";"";"";"";"";"";"";"";"";"";"";"";"";"";"";"";"";"";"";"";"";"";"";"";"";"";"";"";"";"";"";"";"";"";"R";"";"";"";"";"";"";"";
"R66";"0 Ohm";"R-EU_R0402";"R0402";"RESISTOR, European symbol";"";"";"";"";"";"";"";"";"";"";"";"";"";"";"";"";"";"";"";"";"";"";"";"";"";"";"";"";"";"";"";"";"";"";"";"";"R";"";"";"";"";"";"";"";
"R67";"0 Ohm";"R-EU_R0402";"R0402";"RESISTOR, European symbol";"";"";"";"";"";"";"";"";"";"";"";"";"";"";"";"";"";"";"";"";"";"";"";"";"";"";"";"";"";"";"";"";"";"";"";"";"R";"";"";"";"";"";"";"";
"R68";"0 Ohm";"R-EU_R0402";"R0402";"RESISTOR, European symbol";"";"";"";"";"";"";"";"";"";"";"";"";"";"";"";"";"";"";"";"";"";"";"";"";"";"";"";"";"";"";"";"";"";"";"";"";"R";"";"";"";"";"";"";"";
"R69";"0 Ohm";"R-EU_R0402";"R0402";"RESISTOR, European symbol";"";"";"";"";"";"";"";"";"";"";"";"";"";"";"";"";"";"";"";"";"";"";"";"";"";"";"";"";"";"";"";"";"";"";"";"";"R";"";"";"";"";"";"";"";
"R70";"0 Ohm";"R-EU_R0402";"R0402";"RESISTOR, European symbol";"";"";"";"";"";"";"";"";"";"";"";"";"";"";"";"";"";"";"";"";"";"";"";"";"";"";"";"";"";"";"";"";"";"";"";"";"R";"";"";"";"";"";"";"";
"R71";"0 Ohm";"R-EU_R0402";"R0402";"RESISTOR, European symbol";"";"";"";"";"";"";"";"";"";"";"";"";"";"";"";"";"";"";"";"";"";"";"";"";"";"";"";"";"";"";"";"";"";"";"";"";"R";"";"";"";"";"";"";"";
"R72";"0 Ohm";"R-EU_R0402";"R0402";"RESISTOR, European symbol";"";"";"";"";"";"";"";"";"";"";"";"";"";"";"";"";"";"";"";"";"";"";"";"";"";"";"";"";"";"";"";"";"";"";"";"";"R";"";"";"";"";"";"";"";
"R73";"0 Ohm";"R-EU_R0402";"R0402";"RESISTOR, European symbol";"";"";"";"";"";"";"";"";"";"";"";"";"";"";"";"";"";"";"";"";"";"";"";"";"";"";"";"";"";"";"";"";"";"";"";"";"R";"";"";"";"";"";"";"";
"R77";"0 Ohm";"R-EU_R0402";"R0402";"RESISTOR, European symbol";"";"";"";"";"";"";"";"";"";"";"";"";"";"";"";"";"";"";"";"";"";"";"";"";"";"";"";"";"";"";"";"";"";"";"";"";"R";"";"";"";"";"";"";"";
"R78";"0 Ohm";"R-EU_R0402";"R0402";"RESISTOR, European symbol";"";"";"";"";"";"";"";"";"";"";"";"";"";"";"";"";"";"";"";"";"";"";"";"";"";"";"";"";"";"";"";"";"";"";"";"";"R";"";"";"";"";"";"";"";
"R79";"0 Ohm";"R-EU_R0402";"R0402";"RESISTOR, European symbol";"";"";"";"";"";"";"";"";"";"";"";"";"";"";"";"";"";"";"";"";"";"";"";"";"";"";"";"";"";"";"";"";"";"";"";"";"R";"";"";"";"";"";"";"";
"R80";"CSTCE8M00G55-R0";"CSTCE8M00G55-R0";"CSTCE12M0G55-R0";"SMT ceramic resonator 8.0MHz CSTCE8M00G55-R0, Ceramic Resonator, 8MHz Fundamental 33pF, 3-Pin Cap Chip, 3.2 x 1.3 x 0.7mm";"";"";"";"";"";"SMT ceramic resonator 8.0MHz CSTCE8M00G55-R0, Ceramic Resonator, 8MHz Fundamental 33pF, 3-Pin Cap Chip, 3.2 x 1.3 x 0.7mm";"";"";"";"";"";"";"";"mm";"";"";"";"Murata Electronics";"CSTCE8M00G55-R0";"";"";"";"";"";"81-CSTCE8M00G55-R0";"https://www.mouser.com/Search/Refine.aspx?Keyword=81-CSTCE8M00G55-R0";"";"";"";"";"";"";"";"";"";"";"";"";"";"";"";"";"";"";
"R101";"0 Ohm";"R-EU_R0402";"R0402";"RESISTOR, European symbol";"";"";"";"";"";"";"";"";"";"";"";"";"";"";"";"";"";"";"";"";"";"";"";"";"";"";"";"";"";"";"";"";"";"";"";"";"R";"";"";"";"";"";"";"";
"R102";"10k Ohm";"R-EU_R0402";"R0402";"RESISTOR, European symbol";"";"";"";"";"";"";"";"";"";"";"";"";"";"";"";"";"";"";"";"";"";"";"";"";"";"";"";"";"";"";"";"";"";"";"";"";"R";"";"";"";"";"";"";"";
"R103";"180k Ohm";"R-EU_R0402";"R0402";"RESISTOR, European symbol";"";"";"";"";"";"";"";"";"";"";"";"";"";"";"";"";"";"";"";"";"";"";"";"";"";"";"";"";"";"";"";"";"";"";"";"";"R";"";"";"";"";"";"";"";
"R104";"40.2k Ohm";"R-EU_R0402";"R0402";"RESISTOR, European symbol";"";"";"";"";"";"";"";"";"";"";"";"";"";"";"";"";"";"";"";"";"";"";"";"";"";"";"";"";"";"";"";"";"";"";"";"";"R";"";"";"";"";"";"";"";
"R105";"0 Ohm";"R-EU_R0402";"R0402";"RESISTOR, European symbol";"";"";"";"";"";"";"";"";"";"";"";"";"";"";"";"";"";"";"";"";"";"";"";"";"";"";"";"";"";"";"";"";"";"";"";"";"R";"";"";"";"";"";"";"";
"R106";"0 Ohm";"R-EU_R0402";"R0402";"RESISTOR, European symbol";"";"";"";"";"";"";"";"";"";"";"";"";"";"";"";"";"";"";"";"";"";"";"";"";"";"";"";"";"";"";"";"";"";"";"";"";"R";"";"";"";"";"";"";"";
"R107";"0 Ohm";"R-EU_R0402";"R0402";"RESISTOR, European symbol";"";"";"";"";"";"";"";"";"";"";"";"";"";"";"";"";"";"";"";"";"";"";"";"";"";"";"";"";"";"";"";"";"";"";"";"";"R";"";"";"";"";"";"";"";
"R108";"0 Ohm";"R-EU_R0402";"R0402";"RESISTOR, European symbol";"";"";"";"";"";"";"";"";"";"";"";"";"";"";"";"";"";"";"";"";"";"";"";"";"";"";"";"";"";"";"";"";"";"";"";"";"R";"";"";"";"";"";"";"";
"R109";"0 Ohm";"R-EU_R0402";"R0402";"RESISTOR, European symbol";"";"";"";"";"";"";"";"";"";"";"";"";"";"";"";"";"";"";"";"";"";"";"";"";"";"";"";"";"";"";"";"";"";"";"";"";"R";"";"";"";"";"";"";"";
"R110";"0 Ohm";"R-EU_R0402";"R0402";"RESISTOR, European symbol";"";"";"";"";"";"";"";"";"";"";"";"";"";"";"";"";"";"";"";"";"";"";"";"";"";"";"";"";"";"";"";"";"";"";"";"";"R";"";"";"";"";"";"";"";
"R111";"0 Ohm";"R-EU_R0402";"R0402";"RESISTOR, European symbol";"";"";"";"";"";"";"";"";"";"";"";"";"";"";"";"";"";"";"";"";"";"";"";"";"";"";"";"";"";"";"";"";"";"";"";"";"R";"";"";"";"";"";"";"";
"R116";"0 Ohm";"R-EU_R0402";"R0402";"RESISTOR, European symbol";"";"";"";"";"";"";"";"";"";"";"";"";"";"";"";"";"";"";"";"";"";"";"";"";"";"";"";"";"";"";"";"";"";"";"";"";"R";"";"";"";"";"";"";"";
"R117";"0 Ohm";"R-EU_R0402";"R0402";"RESISTOR, European symbol";"";"";"";"";"";"";"";"";"";"";"";"";"";"";"";"";"";"";"";"";"";"";"";"";"";"";"";"";"";"";"";"";"";"";"";"";"R";"";"";"";"";"";"";"";
"R118";"0 Ohm";"R-EU_R0402";"R0402";"RESISTOR, European symbol";"";"";"";"";"";"";"";"";"";"";"";"";"";"";"";"";"";"";"";"";"";"";"";"";"";"";"";"";"";"";"";"";"";"";"";"";"R";"";"";"";"";"";"";"";
"R119";"0 Ohm";"R-EU_R0402";"R0402";"RESISTOR, European symbol";"";"";"";"";"";"";"";"";"";"";"";"";"";"";"";"";"";"";"";"";"";"";"";"";"";"";"";"";"";"";"";"";"";"";"";"";"R";"";"";"";"";"";"";"";
"R120";"0 Ohm";"R-EU_R0402";"R0402";"RESISTOR, European symbol";"";"";"";"";"";"";"";"";"";"";"";"";"";"";"";"";"";"";"";"";"";"";"";"";"";"";"";"";"";"";"";"";"";"";"";"";"R";"";"";"";"";"";"";"";
"R121";"0 Ohm";"R-EU_R0402";"R0402";"RESISTOR, European symbol";"";"";"";"";"";"";"";"";"";"";"";"";"";"";"";"";"";"";"";"";"";"";"";"";"";"";"";"";"";"";"";"";"";"";"";"";"R";"";"";"";"";"";"";"";
"R122";"0 Ohm";"R-EU_R0402";"R0402";"RESISTOR, European symbol";"";"";"";"";"";"";"";"";"";"";"";"";"";"";"";"";"";"";"";"";"";"";"";"";"";"";"";"";"";"";"";"";"";"";"";"";"R";"";"";"";"";"";"";"";
"R123";"0 Ohm";"R-EU_R0402";"R0402";"RESISTOR, European symbol";"";"";"";"";"";"";"";"";"";"";"";"";"";"";"";"";"";"";"";"";"";"";"";"";"";"";"";"";"";"";"";"";"";"";"";"";"R";"";"";"";"";"";"";"";
"R124";"0 Ohm";"R-EU_R0402";"R0402";"RESISTOR, European symbol";"";"";"";"";"";"";"";"";"";"";"";"";"";"";"";"";"";"";"";"";"";"";"";"";"";"";"";"";"";"";"";"";"";"";"";"";"R";"";"";"";"";"";"";"";
"R125";"0 Ohm";"R-EU_R0402";"R0402";"RESISTOR, European symbol";"";"";"";"";"";"";"";"";"";"";"";"";"";"";"";"";"";"";"";"";"";"";"";"";"";"";"";"";"";"";"";"";"";"";"";"";"R";"";"";"";"";"";"";"";
"R126";"0 Ohm";"R-EU_R0402";"R0402";"RESISTOR, European symbol";"";"";"";"";"";"";"";"";"";"";"";"";"";"";"";"";"";"";"";"";"";"";"";"";"";"";"";"";"";"";"";"";"";"";"";"";"R";"";"";"";"";"";"";"";
"R127";"0 Ohm";"R-EU_R0402";"R0402";"RESISTOR, European symbol";"";"";"";"";"";"";"";"";"";"";"";"";"";"";"";"";"";"";"";"";"";"";"";"";"";"";"";"";"";"";"";"";"";"";"";"";"R";"";"";"";"";"";"";"";
"R128";"0 Ohm";"R-EU_R0402";"R0402";"RESISTOR, European symbol";"";"";"";"";"";"";"";"";"";"";"";"";"";"";"";"";"";"";"";"";"";"";"";"";"";"";"";"";"";"";"";"";"";"";"";"";"R";"";"";"";"";"";"";"";
"R129";"0 Ohm";"R-EU_R0402";"R0402";"RESISTOR, European symbol";"";"";"";"";"";"";"";"";"";"";"";"";"";"";"";"";"";"";"";"";"";"";"";"";"";"";"";"";"";"";"";"";"";"";"";"";"R";"";"";"";"";"";"";"";
"R130";"0 Ohm";"R-EU_R0402";"R0402";"RESISTOR, European symbol";"";"";"";"";"";"";"";"";"";"";"";"";"";"";"";"";"";"";"";"";"";"";"";"";"";"";"";"";"";"";"";"";"";"";"";"";"R";"";"";"";"";"";"";"";
"R131";"0 Ohm";"R-EU_R0402";"R0402";"RESISTOR, European symbol";"";"";"";"";"";"";"";"";"";"";"";"";"";"";"";"";"";"";"";"";"";"";"";"";"";"";"";"";"";"";"";"";"";"";"";"";"R";"";"";"";"";"";"";"";
"S1";"TL3301AF260QG";"TL3301AF260QG";"TL3301AF260QG";"E-SWITCH - TL3301AF260QG - SWITCH, TACTILE SPST 50mA, SMD GULL WING";"";"";"";"";"";"E-SWITCH - TL3301AF260QG - SWITCH, TACTILE SPST 50mA, SMD GULL WING";"";"";"";"";"";"";"";"7mm";"";"";"";"E-Switch";"TL3301AF260QG";"";"";"";"";"";"612-TL3301AF2";"https://www.mouser.com/Search/Refine.aspx?Keyword=612-TL3301AF2";"";"";"";"";"";"";"";"";"";"";"";"";"";"";"";"";"";"";
"TP1";"TPTP06R";"TPTP06R";"TP06R";"Test pad";"";"";"";"";"";"";"";"";"";"";"";"";"";"";"";"";"";"";"";"";"";"";"";"";"";"";"";"";"";"";"";"";"";"";"";"";"";"";"";"";"";"";"";"";
"TP2";"TPTP06R";"TPTP06R";"TP06R";"Test pad";"";"";"";"";"";"";"";"";"";"";"";"";"";"";"";"";"";"";"";"";"";"";"";"";"";"";"";"";"";"";"";"";"";"";"";"";"";"";"";"";"";"";"";"";
"TP3";"TPTP06R";"TPTP06R";"TP06R";"Test pad";"";"";"";"";"";"";"";"";"";"";"";"";"";"";"";"";"";"";"";"";"";"";"";"";"";"";"";"";"";"";"";"";"";"";"";"";"";"";"";"";"";"";"";"";
"TP4";"TPTP06R";"TPTP06R";"TP06R";"Test pad";"";"";"";"";"";"";"";"";"";"";"";"";"";"";"";"";"";"";"";"";"";"";"";"";"";"";"";"";"";"";"";"";"";"";"";"";"";"";"";"";"";"";"";"";
"TP5";"TPTP06R";"TPTP06R";"TP06R";"Test pad";"";"";"";"";"";"";"";"";"";"";"";"";"";"";"";"";"";"";"";"";"";"";"";"";"";"";"";"";"";"";"";"";"";"";"";"";"";"";"";"";"";"";"";"";
"TP6";"TPTP06R";"TPTP06R";"TP06R";"Test pad";"";"";"";"";"";"";"";"";"";"";"";"";"";"";"";"";"";"";"";"";"";"";"";"";"";"";"";"";"";"";"";"";"";"";"";"";"";"";"";"";"";"";"";"";
"TP7";"TPTP06R";"TPTP06R";"TP06R";"Test pad";"";"";"";"";"";"";"";"";"";"";"";"";"";"";"";"";"";"";"";"";"";"";"";"";"";"";"";"";"";"";"";"";"";"";"";"";"";"";"";"";"";"";"";"";
"TP8";"TPTP06R";"TPTP06R";"TP06R";"Test pad";"";"";"";"";"";"";"";"";"";"";"";"";"";"";"";"";"";"";"";"";"";"";"";"";"";"";"";"";"";"";"";"";"";"";"";"";"";"";"";"";"";"";"";"";
"TP9";"TPTP06R";"TPTP06R";"TP06R";"Test pad";"";"";"";"";"";"";"";"";"";"";"";"";"";"";"";"";"";"";"";"";"";"";"";"";"";"";"";"";"";"";"";"";"";"";"";"";"";"";"";"";"";"";"";"";
"TP10";"TPTP06R";"TPTP06R";"TP06R";"Test pad";"";"";"";"";"";"";"";"";"";"";"";"";"";"";"";"";"";"";"";"";"";"";"";"";"";"";"";"";"";"";"";"";"";"";"";"";"";"";"";"";"";"";"";"";
"TP11";"TPTP06R";"TPTP06R";"TP06R";"Test pad";"";"";"";"";"";"";"";"";"";"";"";"";"";"";"";"";"";"";"";"";"";"";"";"";"";"";"";"";"";"";"";"";"";"";"";"";"";"";"";"";"";"";"";"";
"TP12";"TPTP06R";"TPTP06R";"TP06R";"Test pad";"";"";"";"";"";"";"";"";"";"";"";"";"";"";"";"";"";"";"";"";"";"";"";"";"";"";"";"";"";"";"";"";"";"";"";"";"";"";"";"";"";"";"";"";
"TP13";"TPTP06R";"TPTP06R";"TP06R";"Test pad";"";"";"";"";"";"";"";"";"";"";"";"";"";"";"";"";"";"";"";"";"";"";"";"";"";"";"";"";"";"";"";"";"";"";"";"";"";"";"";"";"";"";"";"";
"TP14";"TPTP06R";"TPTP06R";"TP06R";"Test pad";"";"";"";"";"";"";"";"";"";"";"";"";"";"";"";"";"";"";"";"";"";"";"";"";"";"";"";"";"";"";"";"";"";"";"";"";"";"";"";"";"";"";"";"";
"TP15";"TPTP06R";"TPTP06R";"TP06R";"Test pad";"";"";"";"";"";"";"";"";"";"";"";"";"";"";"";"";"";"";"";"";"";"";"";"";"";"";"";"";"";"";"";"";"";"";"";"";"";"";"";"";"";"";"";"";
"TP16";"TPTP06R";"TPTP06R";"TP06R";"Test pad";"";"";"";"";"";"";"";"";"";"";"";"";"";"";"";"";"";"";"";"";"";"";"";"";"";"";"";"";"";"";"";"";"";"";"";"";"";"";"";"";"";"";"";"";
"TR1";"";"SM-T4";"SM-T4";"TRANSFORMER";"";"";"";"";"";"";"";"";"";"";"";"";"";"";"";"";"";"";"";"";"";"";"";"";"";"";"";"";"unknown";"unknown";"";"1";"";"";"";"";"";"";"";"";"";"";"";"";
"U1";"MIMXRT1052DVL6A";"MIMXRT1052DVL6A";"BGA196C65P14X14_1000X1000X152N";"MIMXRT1052: 3.3 V 600 MHz ARM짰 Cortex짰-M7 Microprocessor IC";"";"";"";"";"";" MIMXRT1052: 3.3 V 600 MHz ARM짰 Cortex짰-M7 Microprocessor IC ";"";"";"";"568-13515-ND";"https://www.digikey.com/product-detail/en/nxp-usa-inc/MIMXRT1052DVL6A/568-13515-ND/7646297?utm_source=snapeda&utm_medium=aggregator&utm_campaign=symbol";"";"";"";"";"";"";"";"";"";"NXP USA";"";"";"";"";"";"MIMXRT1052DVL6A";"";"";"";"LFBGA-196 NXP Semiconductors";"";"";"";"";"";"";"";"";"";"";"";"";"";
"U2";"NX5P3090UKZ";"NX5P3090UKZ";"BGA12CP40_3X4_135X165X56B26N";"USB Power SW Single 2.5V to 5.5V 0.4A to 3.3A 12-Pin WLCSP";"";"";"";"";"";" USB Power SW Single 2.5V to 5.5V 0.4A to 3.3A 12-Pin WLCSP ";"";"";"";"568-13049-1-ND";"https://www.digikey.com/product-detail/en/nxp-usa-inc/NX5P3090UKZ/568-13049-1-ND/6173637?utm_source=snapeda&utm_medium=aggregator&utm_campaign=symbol";"";"";"";"";"";"";"";"";"";"NXP USA";"";"";"";"";"";"NX5P3090UKZ";"";"";"";"UFBGA-12 NXP Semiconductors";"";"";"";"";"";"";"";"";"";"";"";"";"";
"U3";"RCLAMP0854P.TCT";"RCLAMP0854P.TCT";"SON50P160X160X65-7N";"Diode TVS Dual Uni-Dir 5.5V 200W 6-Pin SLP EP T/R";"";"";"";"";"";" Diode TVS Dual Uni-Dir 5.5V 200W 6-Pin SLP EP T/R ";"";"";"";"RCLAMP0854P.TCTCT-ND";"https://www.digikey.com/product-detail/en/semtech-corporation/RCLAMP0854P.TCT/RCLAMP0854P.TCTCT-ND/5113720?utm_source=snapeda&utm_medium=aggregator&utm_campaign=symbol";"";"";"";"";"";"";"";"";"";"Semtech";"";"";"";"";"";"RCLAMP0854P.TCT";"";"";"";"UFDFN-6 Semtech";"";"";"";"";"";"";"";"";"";"";"";"";"";
"U4";"MK20DX128VFM5";"MK20DX128VFM5";"QFN50P500X500X100-33N";"Kinetis K20: 50MHz Cortex-M4 Performance MCU, 160KB Flash, 16KB SRAM, Full-Speed USB, 32-QFN";"";"";"";"";"";" MCU 32-bit Kinetis K20 ARM Cortex M4 RISC 128KB Flash 1.8V/2.5V/3.3V 32-Pin QFN EP Tray ";"";"";"";"MK20DX128VFM5-ND";"https://www.digikey.com/product-detail/en/nxp-usa-inc/MK20DX128VFM5/MK20DX128VFM5-ND/3507507?utm_source=snapeda&utm_medium=aggregator&utm_campaign=symbol";"";"";"";"";"";"";"";"";"";"MikroElektronika";"";"";"";"";"";"MK20DX128VFM5";"";"";"";"QFN-32 Freescale Semiconductor";"";"";"";"";"";"";"";"";"";"";"";"";"";
"U5";"NLX2G14CMUTCG";"NLX2G14CMUTCG";"UDFN6_1X1";"";"EMA_Jessica";"";"";"Copyright (C) 2016 Accelerated Designs. All rights reserved";"";"";"";"";"";"";"";"";"";"";"";"";"";"";"NLX2G14CMUTCG";"";"";"";"";"";"";"";"";"";"";"";"";"";"";"";"";"";"";"";"";"";"ON Semiconductor";"";"";"";
"U6";"NTSX2102GU8H";"NTSX2102GU8H";"QFN40P140X120X50-8N";"NTSX2102 - Dual supply translating transceiver; open drain; auto direction sensing";"";"";"";"";"";" NTSX2102 - Dual supply translating transceiver";" open drain";" auto direction sensing ";"";"";"";"568-10216-1-ND";"https://www.digikey.com/product-detail/en/nxp-usa-inc/NTSX2102GU8H/568-10216-1-ND/3991872?utm_source=snapeda&utm_medium=aggregator&utm_campaign=symbol";"";"";"";"";"";"";"";"";"";"NXP USA";"";"";"";"";"";"NTSX2102GU8H";"";"";"";"XQFN-8 NXP Semiconductors";"";"";"";"";"";"";"";"";"";"";"";
"U7";"MCP1702T-1802E/CB";"MCP1702T-1802E/CB";"SOT-23A_MC";"";"EMA_Jessica";"";"";"Copyright (C) 2018 Accelerated Designs. All rights reserved";"";"";"";"";"";"";"";"";"";"";"";"";"";"";"MCP1702T-1802E/CB";"";"";"";"";"";"";"";"";"";"";"";"";"";"";"";"";"";"";"";"";"";"Microchip";"";"";"";
"U8";"NX5P3090UKZ";"NX5P3090UKZ";"BGA12CP40_3X4_135X165X56B26N";"USB Power SW Single 2.5V to 5.5V 0.4A to 3.3A 12-Pin WLCSP";"";"";"";"";"";" USB Power SW Single 2.5V to 5.5V 0.4A to 3.3A 12-Pin WLCSP ";"";"";"";"568-13049-1-ND";"https://www.digikey.com/product-detail/en/nxp-usa-inc/NX5P3090UKZ/568-13049-1-ND/6173637?utm_source=snapeda&utm_medium=aggregator&utm_campaign=symbol";"";"";"";"";"";"";"";"";"";"NXP USA";"";"";"";"";"";"NX5P3090UKZ";"";"";"";"UFBGA-12 NXP Semiconductors";"";"";"";"";"";"";"";"";"";"";"";"";"";
"X1";"PC104_STANDARD1";"PC104_STANDARD1";"PC104-STANDARD";"PC/104 Standard 16 bit";"";"";"";"";"";"";"";"";"";"";"";"";"";"";"";"";"";"";"";"";"";"";"";"";"";"";"";"";"";"";"";"";"";"";"";"";"";"";"";"";"";"";"";"";
